-- phpMyAdmin SQL Dump
-- version 4.5.1
-- http://www.phpmyadmin.net
--
-- Host: 127.0.0.1
-- Generation Time: Mar 14, 2018 at 08:59 AM
-- Server version: 10.1.16-MariaDB
-- PHP Version: 7.0.27

SET SQL_MODE = "NO_AUTO_VALUE_ON_ZERO";
SET time_zone = "+00:00";


/*!40101 SET @OLD_CHARACTER_SET_CLIENT=@@CHARACTER_SET_CLIENT */;
/*!40101 SET @OLD_CHARACTER_SET_RESULTS=@@CHARACTER_SET_RESULTS */;
/*!40101 SET @OLD_COLLATION_CONNECTION=@@COLLATION_CONNECTION */;
/*!40101 SET NAMES utf8mb4 */;

--
-- Database: `startproject`
--

-- --------------------------------------------------------

--
-- Table structure for table `category_permissions`
--

CREATE TABLE `category_permissions` (
  `id` int(10) UNSIGNED NOT NULL,
  `name` varchar(191) COLLATE utf8mb4_unicode_ci NOT NULL,
  `created_at` timestamp NULL DEFAULT NULL,
  `updated_at` timestamp NULL DEFAULT NULL
) ENGINE=InnoDB DEFAULT CHARSET=utf8mb4 COLLATE=utf8mb4_unicode_ci;

--
-- Dumping data for table `category_permissions`
--

INSERT INTO `category_permissions` (`id`, `name`, `created_at`, `updated_at`) VALUES
(1, 'Role', '2018-03-14 07:31:28', '2018-03-14 07:31:28'),
(2, 'User', '2018-03-14 07:31:28', '2018-03-14 07:31:28'),
(3, 'Menu', '2018-03-14 07:31:28', '2018-03-14 07:31:28'),
(4, 'Page', '2018-03-14 07:31:29', '2018-03-14 07:31:29'),
(5, 'Post', '2018-03-14 07:31:29', '2018-03-14 07:31:29');

-- --------------------------------------------------------

--
-- Table structure for table `category_posts`
--

CREATE TABLE `category_posts` (
  `id` int(10) UNSIGNED NOT NULL,
  `name` varchar(191) COLLATE utf8mb4_unicode_ci NOT NULL,
  `path` varchar(191) COLLATE utf8mb4_unicode_ci NOT NULL,
  `level` tinyint(1) UNSIGNED NOT NULL DEFAULT '0',
  `template` varchar(191) COLLATE utf8mb4_unicode_ci DEFAULT NULL,
  `parent_id` int(10) UNSIGNED DEFAULT NULL,
  `page_id` int(11) NOT NULL DEFAULT '0',
  `order` int(11) NOT NULL DEFAULT '1',
  `created_at` timestamp NULL DEFAULT NULL,
  `updated_at` timestamp NULL DEFAULT NULL
) ENGINE=InnoDB DEFAULT CHARSET=utf8mb4 COLLATE=utf8mb4_unicode_ci;

-- --------------------------------------------------------

--
-- Table structure for table `menus`
--

CREATE TABLE `menus` (
  `id` int(10) UNSIGNED NOT NULL,
  `name` varchar(191) COLLATE utf8mb4_unicode_ci NOT NULL,
  `path` varchar(191) COLLATE utf8mb4_unicode_ci NOT NULL,
  `level` tinyint(3) UNSIGNED NOT NULL,
  `order` int(11) NOT NULL DEFAULT '1',
  `parent_id` int(11) DEFAULT NULL,
  `content_id` int(11) DEFAULT NULL,
  `type` tinyint(3) UNSIGNED DEFAULT NULL,
  `isActive` tinyint(4) NOT NULL DEFAULT '1',
  `created_at` timestamp NULL DEFAULT NULL,
  `updated_at` timestamp NULL DEFAULT NULL
) ENGINE=InnoDB DEFAULT CHARSET=utf8mb4 COLLATE=utf8mb4_unicode_ci;

-- --------------------------------------------------------

--
-- Table structure for table `migrations`
--

CREATE TABLE `migrations` (
  `id` int(10) UNSIGNED NOT NULL,
  `migration` varchar(191) COLLATE utf8mb4_unicode_ci NOT NULL,
  `batch` int(11) NOT NULL
) ENGINE=InnoDB DEFAULT CHARSET=utf8mb4 COLLATE=utf8mb4_unicode_ci;

--
-- Dumping data for table `migrations`
--

INSERT INTO `migrations` (`id`, `migration`, `batch`) VALUES
(1, '2014_10_12_000000_create_users_table', 1),
(2, '2014_10_12_100000_create_password_resets_table', 1),
(3, '2018_03_14_140923_create_entrust_setup_tables', 2);

-- --------------------------------------------------------

--
-- Table structure for table `password_resets`
--

CREATE TABLE `password_resets` (
  `email` varchar(191) COLLATE utf8mb4_unicode_ci NOT NULL,
  `token` varchar(191) COLLATE utf8mb4_unicode_ci NOT NULL,
  `created_at` timestamp NULL DEFAULT NULL
) ENGINE=InnoDB DEFAULT CHARSET=utf8mb4 COLLATE=utf8mb4_unicode_ci;

-- --------------------------------------------------------

--
-- Table structure for table `permissions`
--

CREATE TABLE `permissions` (
  `id` int(10) UNSIGNED NOT NULL,
  `name` varchar(191) COLLATE utf8mb4_unicode_ci NOT NULL,
  `display_name` varchar(191) COLLATE utf8mb4_unicode_ci DEFAULT NULL,
  `description` varchar(191) COLLATE utf8mb4_unicode_ci DEFAULT NULL,
  `category_permission_id` int(10) UNSIGNED NOT NULL,
  `created_at` timestamp NULL DEFAULT NULL,
  `updated_at` timestamp NULL DEFAULT NULL
) ENGINE=InnoDB DEFAULT CHARSET=utf8mb4 COLLATE=utf8mb4_unicode_ci;

--
-- Dumping data for table `permissions`
--

INSERT INTO `permissions` (`id`, `name`, `display_name`, `description`, `category_permission_id`, `created_at`, `updated_at`) VALUES
(1, 'role-list', 'Xem Danh Sách Quyền', 'Được Xem Danh Sách Quyền', 1, '2018-03-14 07:32:41', '2018-03-14 07:32:41'),
(2, 'role-create', 'Tạo Quyền Mới', 'Được Tạo Quyền Mới', 1, '2018-03-14 07:32:41', '2018-03-14 07:32:41'),
(3, 'role-edit', 'Cập Nhật Quyền', 'Được Cập Nhật Quyền', 1, '2018-03-14 07:32:41', '2018-03-14 07:32:41'),
(4, 'role-delete', 'Xóa Quyền', 'Được Xóa Quyền', 1, '2018-03-14 07:32:41', '2018-03-14 07:32:41'),
(5, 'user-list', 'Xem Danh Sách Users', 'Được Xem Danh Sách Users', 2, '2018-03-14 07:32:41', '2018-03-14 07:32:41'),
(6, 'user-create', 'Tạo User', 'Được Tạo User Mới', 2, '2018-03-14 07:32:41', '2018-03-14 07:32:41'),
(7, 'user-edit', 'Cập Nhật User', 'Được Cập Nhật User', 2, '2018-03-14 07:32:41', '2018-03-14 07:32:41'),
(8, 'user-delete', 'Xóa user', 'Được Xóa User', 2, '2018-03-14 07:32:41', '2018-03-14 07:32:41'),
(9, 'menu-list', 'Toàn Quyền Menu', 'Được Toàn Quyền Menu', 3, '2018-03-14 07:32:41', '2018-03-14 07:32:41'),
(10, 'menu-create', 'Thêm Mới Menu', 'Được Thêm Mới Menu', 3, '2018-03-14 07:32:42', '2018-03-14 07:32:42'),
(11, 'menu-edit', 'Cập Nhật Menu', 'Được Cập Nhật Menu', 3, '2018-03-14 07:32:42', '2018-03-14 07:32:42'),
(12, 'menu-delete', 'Xóa Menu', 'Được Xóa Menu', 3, '2018-03-14 07:32:42', '2018-03-14 07:32:42'),
(13, 'page-list', 'Toàn Quyền Trang', 'Được Toàn Quyền Trang', 4, '2018-03-14 07:32:42', '2018-03-14 07:32:42'),
(14, 'page-create', 'Thêm Mới Trang', 'Được Thêm Mới Trang', 4, '2018-03-14 07:32:42', '2018-03-14 07:32:42'),
(15, 'page-edit', 'Cập Nhật Trang', 'Được Cập Nhật Trang', 4, '2018-03-14 07:32:42', '2018-03-14 07:32:42'),
(16, 'page-delete', 'Xóa Trang', 'Được Xóa Trang', 4, '2018-03-14 07:32:42', '2018-03-14 07:32:42'),
(17, 'post-list', 'Toàn Quyền Bài Viết', 'Được Toàn Quyền Bài Viết', 5, '2018-03-14 07:54:54', '2018-03-14 07:54:54'),
(18, 'post-create', 'Thêm Mới Bài Viết', 'Được Thêm Mới Bài Viết', 5, '2018-03-14 07:54:54', '2018-03-14 07:54:54'),
(19, 'post-edit', 'Cập Nhật Bài Viết', 'Được Cập Nhật Bài Viết', 5, '2018-03-14 07:54:54', '2018-03-14 07:54:54'),
(20, 'post-delete', 'Xóa Bài Viết', 'Được Xóa Bài Viết', 5, '2018-03-14 07:54:54', '2018-03-14 07:54:54');

-- --------------------------------------------------------

--
-- Table structure for table `permission_role`
--

CREATE TABLE `permission_role` (
  `permission_id` int(10) UNSIGNED NOT NULL,
  `role_id` int(10) UNSIGNED NOT NULL
) ENGINE=InnoDB DEFAULT CHARSET=utf8mb4 COLLATE=utf8mb4_unicode_ci;

--
-- Dumping data for table `permission_role`
--

INSERT INTO `permission_role` (`permission_id`, `role_id`) VALUES
(1, 1),
(2, 1),
(3, 1),
(4, 1),
(5, 1),
(6, 1),
(7, 1),
(8, 1),
(9, 1),
(10, 1),
(11, 1),
(12, 1),
(13, 1),
(14, 1),
(15, 1),
(16, 1),
(17, 1),
(18, 1),
(19, 1),
(20, 1);

-- --------------------------------------------------------

--
-- Table structure for table `posts`
--

CREATE TABLE `posts` (
  `id` int(10) UNSIGNED NOT NULL,
  `title` varchar(191) COLLATE utf8mb4_unicode_ci NOT NULL,
  `path` varchar(191) COLLATE utf8mb4_unicode_ci NOT NULL,
  `description` varchar(191) COLLATE utf8mb4_unicode_ci NOT NULL,
  `content` longtext COLLATE utf8mb4_unicode_ci NOT NULL,
  `template` varchar(191) COLLATE utf8mb4_unicode_ci DEFAULT NULL,
  `image` varchar(191) COLLATE utf8mb4_unicode_ci DEFAULT NULL,
  `seo_title` varchar(191) COLLATE utf8mb4_unicode_ci DEFAULT NULL,
  `seo_description` varchar(191) COLLATE utf8mb4_unicode_ci DEFAULT NULL,
  `seo_keywords` varchar(191) COLLATE utf8mb4_unicode_ci DEFAULT NULL,
  `post_type` tinyint(3) UNSIGNED NOT NULL DEFAULT '0',
  `isActive` tinyint(1) NOT NULL DEFAULT '1',
  `user_id` int(10) UNSIGNED NOT NULL,
  `created_at` timestamp NULL DEFAULT NULL,
  `updated_at` timestamp NULL DEFAULT NULL
) ENGINE=InnoDB DEFAULT CHARSET=utf8mb4 COLLATE=utf8mb4_unicode_ci;

-- --------------------------------------------------------

--
-- Table structure for table `roles`
--

CREATE TABLE `roles` (
  `id` int(10) UNSIGNED NOT NULL,
  `name` varchar(191) COLLATE utf8mb4_unicode_ci NOT NULL,
  `display_name` varchar(191) COLLATE utf8mb4_unicode_ci DEFAULT NULL,
  `description` varchar(191) COLLATE utf8mb4_unicode_ci DEFAULT NULL,
  `created_at` timestamp NULL DEFAULT NULL,
  `updated_at` timestamp NULL DEFAULT NULL
) ENGINE=InnoDB DEFAULT CHARSET=utf8mb4 COLLATE=utf8mb4_unicode_ci;

--
-- Dumping data for table `roles`
--

INSERT INTO `roles` (`id`, `name`, `display_name`, `description`, `created_at`, `updated_at`) VALUES
(1, 'admin', 'admin', 'administer the website and manage users', '2018-03-14 07:23:50', '2018-03-14 07:23:50');

-- --------------------------------------------------------

--
-- Table structure for table `role_user`
--

CREATE TABLE `role_user` (
  `user_id` int(10) UNSIGNED NOT NULL,
  `role_id` int(10) UNSIGNED NOT NULL
) ENGINE=InnoDB DEFAULT CHARSET=utf8mb4 COLLATE=utf8mb4_unicode_ci;

--
-- Dumping data for table `role_user`
--

INSERT INTO `role_user` (`user_id`, `role_id`) VALUES
(1, 1);

-- --------------------------------------------------------

--
-- Table structure for table `users`
--

CREATE TABLE `users` (
  `id` int(10) UNSIGNED NOT NULL,
  `name` varchar(191) COLLATE utf8mb4_unicode_ci NOT NULL,
  `email` varchar(191) COLLATE utf8mb4_unicode_ci NOT NULL,
  `password` varchar(191) COLLATE utf8mb4_unicode_ci NOT NULL,
  `remember_token` varchar(100) COLLATE utf8mb4_unicode_ci DEFAULT NULL,
  `created_at` timestamp NULL DEFAULT NULL,
  `updated_at` timestamp NULL DEFAULT NULL
) ENGINE=InnoDB DEFAULT CHARSET=utf8mb4 COLLATE=utf8mb4_unicode_ci;

--
-- Dumping data for table `users`
--

INSERT INTO `users` (`id`, `name`, `email`, `password`, `remember_token`, `created_at`, `updated_at`) VALUES
(1, 'nnduyquang', 'nnduyquang@gmail.com', '$2y$10$mStg572JFNI89/0Cg7TOGOUkACFaBl/nsNeOvx8zglr1qyJPA0tj6', NULL, '2018-03-14 07:24:10', NULL);

--
-- Indexes for dumped tables
--

--
-- Indexes for table `category_permissions`
--
ALTER TABLE `category_permissions`
  ADD PRIMARY KEY (`id`),
  ADD UNIQUE KEY `category_permissions_name_unique` (`name`);

--
-- Indexes for table `category_posts`
--
ALTER TABLE `category_posts`
  ADD PRIMARY KEY (`id`);

--
-- Indexes for table `menus`
--
ALTER TABLE `menus`
  ADD PRIMARY KEY (`id`);

--
-- Indexes for table `migrations`
--
ALTER TABLE `migrations`
  ADD PRIMARY KEY (`id`);

--
-- Indexes for table `password_resets`
--
ALTER TABLE `password_resets`
  ADD KEY `password_resets_email_index` (`email`);

--
-- Indexes for table `permissions`
--
ALTER TABLE `permissions`
  ADD PRIMARY KEY (`id`),
  ADD UNIQUE KEY `permissions_name_unique` (`name`),
  ADD KEY `permissions_category_permission_id_foreign` (`category_permission_id`);

--
-- Indexes for table `permission_role`
--
ALTER TABLE `permission_role`
  ADD PRIMARY KEY (`permission_id`,`role_id`),
  ADD KEY `permission_role_role_id_foreign` (`role_id`);

--
-- Indexes for table `posts`
--
ALTER TABLE `posts`
  ADD PRIMARY KEY (`id`),
  ADD KEY `posts_user_id_foreign` (`user_id`);

--
-- Indexes for table `roles`
--
ALTER TABLE `roles`
  ADD PRIMARY KEY (`id`),
  ADD UNIQUE KEY `roles_name_unique` (`name`);

--
-- Indexes for table `role_user`
--
ALTER TABLE `role_user`
  ADD PRIMARY KEY (`user_id`,`role_id`),
  ADD KEY `role_user_role_id_foreign` (`role_id`);

--
-- Indexes for table `users`
--
ALTER TABLE `users`
  ADD PRIMARY KEY (`id`),
  ADD UNIQUE KEY `users_email_unique` (`email`);

--
-- AUTO_INCREMENT for dumped tables
--

--
-- AUTO_INCREMENT for table `category_permissions`
--
ALTER TABLE `category_permissions`
  MODIFY `id` int(10) UNSIGNED NOT NULL AUTO_INCREMENT, AUTO_INCREMENT=6;
--
-- AUTO_INCREMENT for table `category_posts`
--
ALTER TABLE `category_posts`
  MODIFY `id` int(10) UNSIGNED NOT NULL AUTO_INCREMENT;
--
-- AUTO_INCREMENT for table `menus`
--
ALTER TABLE `menus`
  MODIFY `id` int(10) UNSIGNED NOT NULL AUTO_INCREMENT;
--
-- AUTO_INCREMENT for table `migrations`
--
ALTER TABLE `migrations`
  MODIFY `id` int(10) UNSIGNED NOT NULL AUTO_INCREMENT, AUTO_INCREMENT=4;
--
-- AUTO_INCREMENT for table `permissions`
--
ALTER TABLE `permissions`
  MODIFY `id` int(10) UNSIGNED NOT NULL AUTO_INCREMENT, AUTO_INCREMENT=21;
--
-- AUTO_INCREMENT for table `posts`
--
ALTER TABLE `posts`
  MODIFY `id` int(10) UNSIGNED NOT NULL AUTO_INCREMENT;
--
-- AUTO_INCREMENT for table `roles`
--
ALTER TABLE `roles`
  MODIFY `id` int(10) UNSIGNED NOT NULL AUTO_INCREMENT, AUTO_INCREMENT=2;
--
-- AUTO_INCREMENT for table `users`
--
ALTER TABLE `users`
  MODIFY `id` int(10) UNSIGNED NOT NULL AUTO_INCREMENT, AUTO_INCREMENT=2;
--
-- Constraints for dumped tables
--

--
-- Constraints for table `permissions`
--
ALTER TABLE `permissions`
  ADD CONSTRAINT `permissions_category_permission_id_foreign` FOREIGN KEY (`category_permission_id`) REFERENCES `category_permissions` (`id`) ON DELETE CASCADE ON UPDATE CASCADE;

--
-- Constraints for table `permission_role`
--
ALTER TABLE `permission_role`
  ADD CONSTRAINT `permission_role_permission_id_foreign` FOREIGN KEY (`permission_id`) REFERENCES `permissions` (`id`) ON DELETE CASCADE ON UPDATE CASCADE,
  ADD CONSTRAINT `permission_role_role_id_foreign` FOREIGN KEY (`role_id`) REFERENCES `roles` (`id`) ON DELETE CASCADE ON UPDATE CASCADE;

--
-- Constraints for table `posts`
--
ALTER TABLE `posts`
  ADD CONSTRAINT `posts_user_id_foreign` FOREIGN KEY (`user_id`) REFERENCES `users` (`id`) ON DELETE CASCADE ON UPDATE CASCADE;

--
-- Constraints for table `role_user`
--
ALTER TABLE `role_user`
  ADD CONSTRAINT `role_user_role_id_foreign` FOREIGN KEY (`role_id`) REFERENCES `roles` (`id`) ON DELETE CASCADE ON UPDATE CASCADE,
  ADD CONSTRAINT `role_user_user_id_foreign` FOREIGN KEY (`user_id`) REFERENCES `users` (`id`) ON DELETE CASCADE ON UPDATE CASCADE;

/*!40101 SET CHARACTER_SET_CLIENT=@OLD_CHARACTER_SET_CLIENT */;
/*!40101 SET CHARACTER_SET_RESULTS=@OLD_CHARACTER_SET_RESULTS */;
/*!40101 SET COLLATION_CONNECTION=@OLD_COLLATION_CONNECTION */;
